City_ID,City,Country,Lat,Lng,Max Temp,Humidity,Cloudiness,Wind Speed,Description
0,Kaitangata,NZ,-46.2817,169.8464,62.6,56,0,12.8,clear sky
1,Teguise,ES,29.0605,-13.564,61.02,72,20,9.22,few clouds
2,Beyneu,KZ,45.3167,55.2,15.82,58,93,21.16,overcast clouds
3,Naze,JP,28.3667,129.4833,54.52,64,1,8.66,clear sky
4,Punta Arenas,CL,-53.15,-70.9167,59.11,51,0,6.91,clear sky
5,Divo,CI,5.8397,-5.36,74.98,85,68,3.49,broken clouds
6,Martil,MA,35.6166,-5.2752,58.96,67,0,9.22,clear sky
7,Lazdijai,LT,54.2333,23.5167,27.88,95,97,11.41,overcast clouds
8,Kavaratti,IN,10.5669,72.642,81.05,64,2,6.93,clear sky
9,Chebsara,RU,59.2002,38.8356,0.75,98,98,6.15,overcast clouds
10,Qena,EG,26.1615,32.7183,56.41,48,57,5.79,broken clouds
11,Fairhope,US,30.523,-87.9033,66.65,75,0,5.75,clear sky
12,Mataura,NZ,-46.1927,168.8643,69.26,35,1,6.58,clear sky
13,Kuznechnoye,RU,61.12,29.8686,10.02,78,100,5.88,overcast clouds
14,Longyearbyen,SJ,78.2186,15.6401,26.44,63,40,11.5,scattered clouds
15,Chapais,CA,49.7834,-74.8492,8.38,99,100,5.06,overcast clouds
16,Muisne,EC,0.6,-80.0333,76.82,79,58,7.72,broken clouds
17,Atuona,PF,-9.8,-139.0333,78.08,77,36,14.18,scattered clouds
18,Saskylakh,RU,71.9167,114.0833,-33.02,98,99,3.4,overcast clouds
19,Evensk,RU,61.95,159.2333,-16.47,79,17,6.02,few clouds
20,Gelemso,ET,8.8167,40.5167,58.75,57,3,3.83,clear sky
21,Dikson,RU,73.5069,80.5464,-1.03,93,100,10.04,overcast clouds
22,Burnie,AU,-41.0667,145.9167,62.26,75,82,8.55,broken clouds
23,Puerto Ayora,EC,-0.7393,-90.3518,75.54,93,27,4.0,scattered clouds
24,Cabo San Lucas,MX,22.8909,-109.9124,79.9,65,0,4.61,clear sky
25,Bowen,AU,-20.0167,148.2333,80.76,72,98,10.67,overcast clouds
26,Kilindoni,TZ,-7.9139,39.6668,81.01,78,44,10.36,scattered clouds
27,Castro,BR,-24.7911,-50.0119,59.86,87,69,8.72,broken clouds
28,Jiaonan,CN,35.8786,119.9753,40.93,81,53,7.29,broken clouds
29,Bluff,NZ,-46.6,168.3333,61.9,60,0,15.46,clear sky
30,Naberera,TZ,-4.2,36.9333,63.03,77,46,8.59,scattered clouds
31,Alta Floresta,BR,-9.8756,-56.0861,71.01,96,99,1.28,overcast clouds
32,Upernavik,GL,72.7868,-56.1549,-14.76,87,32,9.28,scattered clouds
33,Karratha,AU,-20.7377,116.8463,81.23,64,57,21.09,broken clouds
34,Vancouver,CA,49.2497,-123.1193,46.45,95,100,11.5,moderate rain
35,Yellowknife,CA,62.456,-114.3525,9.12,92,100,6.91,light snow
36,Bunia,CD,1.5667,30.25,62.91,50,32,3.13,scattered clouds
37,Albany,US,42.6001,-73.9662,35.67,73,100,8.01,overcast clouds
38,Parkes,AU,-33.1333,148.1833,75.83,35,0,3.09,clear sky
39,Rikitea,PF,-23.1203,-134.9692,78.3,74,1,14.12,clear sky
40,Busselton,AU,-33.65,115.3333,61.25,76,5,8.61,clear sky
41,Mar Del Plata,AR,-38.0023,-57.5575,71.83,89,0,18.99,clear sky
42,Ushuaia,AR,-54.8,-68.3,64.06,36,20,11.5,few clouds
43,Nikolskoye,RU,59.7035,30.7861,-0.2,88,75,4.83,broken clouds
44,Broken Hill,AU,-31.95,141.4333,84.22,26,0,10.38,clear sky
45,Sorland,NO,67.667,12.6934,35.46,64,79,28.7,broken clouds
46,Hermanus,ZA,-34.4187,19.2345,66.79,77,68,10.16,broken clouds
47,Mount Gambier,AU,-37.8333,140.7667,84.06,27,0,10.78,clear sky
48,Saint-Philippe,RE,-21.3585,55.7679,76.59,80,37,11.41,scattered clouds
49,Vezirkopru,TR,41.1436,35.4547,32.49,87,76,0.56,broken clouds
50,Cidreira,BR,-30.1811,-50.2056,71.92,75,9,14.85,clear sky
51,Olinda,BR,-8.0089,-34.8553,80.33,69,20,6.91,few clouds
52,Hofn,IS,64.2539,-15.2082,36.12,73,100,20.65,overcast clouds
53,Talnakh,RU,69.4865,88.3972,-34.8,99,100,8.63,overcast clouds
54,Dingle,PH,10.9995,122.6711,73.8,85,100,11.18,overcast clouds
55,Midland,US,31.9974,-102.0779,57.87,30,0,11.5,clear sky
56,Mahebourg,MU,-20.4081,57.7,77.29,83,40,4.61,scattered clouds
57,Chuy,UY,-33.6971,-53.4616,69.55,82,0,11.7,clear sky
58,Hobart,AU,-42.8794,147.3294,72.27,55,20,10.36,few clouds
59,Maryville,US,35.7565,-83.9705,46.11,86,100,3.44,overcast clouds
60,Sao Gabriel Da Cachoeira,BR,-0.1303,-67.0892,72.9,98,99,1.72,overcast clouds
61,Cape Town,ZA,-33.9258,18.4232,69.39,77,0,11.5,clear sky
62,Bulgan,MN,48.8125,103.5347,5.49,85,72,2.53,broken clouds
63,Nabire,ID,-3.3667,135.4833,78.48,82,100,2.1,overcast clouds
64,Putina,PE,-15.4667,-69.4333,48.49,61,18,15.39,few clouds
65,Rio Grande,BR,-32.035,-52.0986,75.31,75,9,16.24,clear sky
66,Bengkulu,ID,-3.8004,102.2655,74.28,88,99,6.22,overcast clouds
67,Dubai,AE,25.2582,55.3047,66.13,72,0,2.3,light rain
68,Butaritari,KI,3.0707,172.7902,80.37,81,25,15.64,light rain
69,Tasiilaq,GL,65.6145,-37.6368,15.96,56,59,8.12,broken clouds
70,Mehamn,NO,71.0357,27.8492,13.95,79,28,17.27,scattered clouds
71,Iquitos,PE,-3.7481,-73.2472,78.84,78,40,8.05,scattered clouds
72,Raahe,FI,64.6833,24.4833,12.29,91,100,15.32,overcast clouds
73,Pahalgam,IN,34.0333,75.3333,32.59,88,100,3.38,overcast clouds
74,Avarua,CK,-21.2078,-159.775,78.85,83,75,6.91,moderate rain
75,Nadvoitsy,RU,63.8667,34.3167,-5.8,100,92,0.76,overcast clouds
76,Hasaki,JP,35.7333,140.8333,37.22,59,4,8.75,clear sky
77,Pahrump,US,36.2083,-115.9839,51.26,68,99,1.99,overcast clouds
78,Salalah,OM,17.0151,54.0924,73.49,73,40,5.75,scattered clouds
79,Nome,US,64.5011,-165.4064,17.67,93,100,3.44,overcast clouds
80,Bethel,US,41.3712,-73.414,40.5,72,75,3.0,broken clouds
81,Ruteng,ID,-8.6136,120.4721,64.4,85,100,2.98,overcast clouds
82,Sioux Lookout,CA,50.1001,-91.917,15.87,92,40,4.61,scattered clouds
83,Hualmay,PE,-11.0964,-77.6139,71.67,73,15,8.3,few clouds
84,Panzhihua,CN,26.5851,101.7128,44.82,77,0,0.74,clear sky
85,Arraial Do Cabo,BR,-22.9661,-42.0278,70.29,87,100,8.3,overcast clouds
86,Georgetown,MY,5.4112,100.3354,77.95,88,20,4.61,few clouds
87,Redcar,GB,54.6166,-1.06,46.72,65,59,20.0,broken clouds
88,Atambua,ID,-9.1061,124.8925,75.65,84,96,1.63,overcast clouds
89,Berlevag,NO,70.8578,29.0864,14.0,83,36,15.37,scattered clouds
90,Clyde River,CA,70.4692,-68.5914,-23.57,69,0,3.44,clear sky
91,Baherden,TM,38.4362,57.4316,44.69,74,67,5.86,broken clouds
92,Amahai,ID,-3.3333,128.9167,81.39,75,100,3.67,overcast clouds
93,Grand Gaube,MU,-20.0064,57.6608,77.4,72,7,5.01,light rain
94,Qaanaaq,GL,77.484,-69.3632,-10.12,97,100,4.14,overcast clouds
95,Lagoa,PT,39.05,-27.9833,61.02,89,100,26.33,overcast clouds
96,Mormugao,IN,15.4,73.8,73.47,56,0,7.94,clear sky
97,Calabozo,VE,8.9242,-67.4293,85.19,50,100,5.3,overcast clouds
98,Chokurdakh,RU,70.6333,147.9167,-25.31,98,100,4.63,overcast clouds
99,Nishihara,JP,26.1842,127.7558,58.28,74,20,5.75,few clouds
100,Richards Bay,ZA,-28.783,32.0377,64.29,84,50,7.4,scattered clouds
101,Orangeburg,US,33.4918,-80.8557,56.82,59,0,0.0,clear sky
102,Lebu,CL,-37.6167,-73.65,62.89,77,24,8.1,few clouds
103,Port Hedland,AU,-20.3167,118.5667,82.45,78,100,16.11,overcast clouds
104,Kapaa,US,22.0752,-159.319,80.92,68,20,6.91,few clouds
105,Maceio,BR,-9.6658,-35.7353,76.44,88,0,6.91,clear sky
106,East London,ZA,-33.0153,27.9116,64.33,81,84,7.07,broken clouds
107,Alloa,GB,56.1159,-3.79,46.45,85,68,4.0,broken clouds
108,Hilo,US,19.7297,-155.09,82.13,63,20,9.22,few clouds
109,Muravlenko,RU,63.7898,74.523,-32.69,86,66,19.39,broken clouds
110,Vaini,TO,-21.2,-175.2,86.16,79,40,13.8,scattered clouds
111,Norman Wells,CA,65.282,-126.8329,-7.56,77,100,0.0,light snow
112,Nanyuki,KE,0.0167,37.0728,52.79,88,20,4.41,few clouds
113,Annau,TM,37.8876,58.516,45.9,71,100,4.61,overcast clouds
114,Raha,IN,26.2333,92.5167,55.67,76,0,3.11,clear sky
115,Vostok,RU,46.4856,135.8833,-11.65,94,54,4.52,broken clouds
116,Quatre Cocos,MU,-20.2078,57.7625,77.11,78,26,11.59,light rain
117,Todos Santos,MX,23.45,-110.2167,73.44,70,0,4.43,clear sky
118,Luis Correia,BR,-2.8792,-41.6669,80.06,79,39,12.84,scattered clouds
119,Bambous Virieux,MU,-20.3428,57.7575,77.25,83,40,4.61,light rain
120,Torbay,CA,47.6666,-52.7314,29.75,85,75,5.01,broken clouds
121,Esperance,AU,-33.8667,121.9,63.39,62,0,5.03,clear sky
122,Maragogi,BR,-9.0122,-35.2225,78.33,75,18,10.71,few clouds
123,Ancud,CL,-41.8697,-73.8203,61.0,85,100,6.31,overcast clouds
124,Hit,IQ,33.6416,42.8251,50.99,77,11,8.37,few clouds
125,Pak Phanang,TH,8.3511,100.202,75.22,87,82,9.8,broken clouds
126,Tiarei,PF,-17.5333,-149.3333,87.82,74,35,8.81,light rain
127,Fortuna,US,40.5982,-124.1573,57.54,90,20,25.32,moderate rain
128,Victoria,HK,22.2855,114.1577,67.24,59,100,5.99,overcast clouds
129,Lahan,NP,26.7296,86.4951,50.49,62,0,5.21,clear sky
130,Mnogovershinnyy,RU,53.9353,139.9242,-8.05,89,99,3.13,overcast clouds
131,Umm Kaddadah,SD,13.6017,26.6876,57.58,36,20,11.63,few clouds
132,Kotelnikovo,RU,47.6317,43.1461,9.59,80,65,7.61,broken clouds
133,Kalabo,ZM,-14.97,22.6814,68.92,85,100,3.69,overcast clouds
134,Pevek,RU,69.7008,170.3133,-10.91,95,100,4.47,overcast clouds
135,Tablas,PH,6.6292,122.1747,74.32,80,100,10.22,overcast clouds
136,Lima,PE,-12.0432,-77.0282,75.9,68,40,11.5,scattered clouds
137,Dalvik,IS,65.9702,-18.5286,31.93,96,100,4.68,light snow
138,Pokhara,NP,28.2333,83.9833,54.05,16,0,6.22,clear sky
139,Mount Isa,AU,-20.7333,139.5,78.57,89,40,5.75,scattered clouds
140,Tiksi,RU,71.6872,128.8694,-40.54,100,77,3.06,broken clouds
141,Saint George,US,37.1041,-113.5841,55.44,59,0,3.44,clear sky
142,Barrow,US,71.2906,-156.7887,-12.98,77,0,13.8,haze
143,Lao Cai,VN,22.4833,103.95,54.81,88,0,1.25,clear sky
144,Sao Filipe,CV,14.8961,-24.4956,73.11,67,8,16.26,clear sky
145,Kharp,RU,66.8014,65.8081,-31.59,97,14,4.54,few clouds
146,Hervey Bay,AU,-25.2986,152.8535,80.02,72,50,10.0,scattered clouds
147,Port Alfred,ZA,-33.5906,26.891,62.19,94,64,9.44,broken clouds
148,Westport,US,41.1415,-73.3579,42.1,73,0,7.0,clear sky
149,Marsh Harbour,BS,26.5412,-77.0636,70.68,61,0,12.33,clear sky
150,Khatanga,RU,71.9667,102.5,-30.03,99,100,1.63,overcast clouds
151,Katsuura,JP,35.1333,140.3,45.01,56,1,9.08,clear sky
152,Bilma,NE,18.6853,12.9164,64.85,29,27,8.14,scattered clouds
153,Thompson,CA,55.7435,-97.8558,1.56,85,20,3.44,few clouds
154,Port Elizabeth,ZA,-33.918,25.5701,68.09,94,63,1.99,broken clouds
155,Maiduguri,NG,11.8464,13.1603,64.65,25,7,7.81,clear sky
156,Kailua,US,21.4022,-157.7394,83.61,65,35,5.01,scattered clouds
157,Severo-Kurilsk,RU,50.6789,156.125,26.37,61,92,17.92,light snow
158,Port Blair,IN,11.6667,92.75,73.44,94,40,2.3,mist
159,Iqaluit,CA,63.7506,-68.5145,-15.07,76,75,24.16,light snow
160,Saint-Augustin,CA,51.226,-58.6502,15.71,81,95,1.07,overcast clouds
161,Vanavara,RU,60.34,102.2797,-20.0,99,83,4.99,broken clouds
162,Ornes,NO,66.8689,13.7078,19.85,74,73,16.31,broken clouds
163,Ulladulla,AU,-35.35,150.4667,66.65,55,86,6.17,overcast clouds
164,Mazamari,PE,-11.3258,-74.5308,75.99,69,60,1.63,broken clouds
165,Port Hardy,CA,50.6996,-127.4199,48.38,81,75,3.44,light rain
166,Inirida,CO,3.8653,-67.9239,69.31,98,100,1.72,overcast clouds
167,Pajarito,CO,5.2929,-72.7028,69.21,92,98,1.9,light rain
168,Bredasdorp,ZA,-34.5322,20.0403,64.0,77,22,5.66,few clouds
169,Camaqua,BR,-30.8511,-51.8122,71.01,67,40,9.04,scattered clouds
170,Linxia,CN,35.6003,103.2064,28.8,20,9,3.69,clear sky
171,Tuktoyaktuk,CA,69.4541,-133.0374,3.2,85,100,8.05,light snow
172,Beloha,MG,-25.1667,45.05,75.87,81,96,3.13,overcast clouds
173,Provideniya,RU,64.3833,-173.3,-0.06,94,59,9.98,broken clouds
174,Hay River,CA,60.8156,-115.7999,3.18,85,20,0.0,few clouds
175,Komsomolskiy,UZ,40.4272,71.7189,34.52,80,39,6.91,scattered clouds
176,Comodoro Rivadavia,AR,-45.8667,-67.5,85.86,25,0,10.36,clear sky
177,Borogontsy,RU,62.6683,131.1683,-41.58,99,81,4.85,broken clouds
178,Hovd,MN,48.0056,91.6419,10.63,73,4,3.74,clear sky
179,Ust-Tsilma,RU,65.441,52.1498,-41.42,100,57,2.93,broken clouds
180,Fare,PF,-16.7,-151.0167,81.05,71,23,3.98,light rain
181,Launceston,AU,-41.45,147.1667,66.61,63,100,8.05,overcast clouds
182,Albion,US,42.2431,-84.753,30.38,82,100,4.61,overcast clouds
183,Skelleftea,SE,64.7507,20.9528,21.99,100,100,8.05,light snow
184,Basco,PH,20.4487,121.9702,74.46,77,72,22.53,broken clouds
185,Gotsu,JP,35.0,132.2167,48.02,65,90,9.78,overcast clouds
186,Biltine,TD,14.5333,20.9167,65.21,19,11,7.27,few clouds
187,Aksu,CN,41.1231,80.2644,27.14,39,83,2.57,broken clouds
188,Kodiak,US,57.79,-152.4072,31.51,74,0,19.57,clear sky
189,Balykshi,KZ,47.0667,51.8667,-2.2,78,0,17.9,clear sky
190,Zhukovka,RU,53.534,33.728,-3.73,93,42,3.06,scattered clouds
191,Kavieng,PG,-2.5744,150.7967,84.4,71,62,6.64,broken clouds
192,Bonthe,SL,7.5264,-12.505,76.69,78,7,6.35,clear sky
193,Nouakchott,MR,18.0858,-15.9785,71.53,31,100,10.04,overcast clouds
194,Saint-Pierre,RE,-21.3393,55.4781,76.68,65,75,5.75,broken clouds
195,Jamestown,US,42.097,-79.2353,35.19,72,100,8.05,light snow
196,Lerwick,GB,60.1545,-1.1494,48.2,82,65,27.54,broken clouds
197,Tsiroanomandidy,MG,-18.7667,46.0333,67.57,92,90,2.17,overcast clouds
198,Souillac,MU,-20.5167,57.5167,77.38,83,40,4.61,scattered clouds
199,Roma,US,43.2128,-75.4557,33.08,82,0,10.36,clear sky
200,Kanturk,IE,52.1667,-8.9,45.21,83,97,16.24,overcast clouds
201,Biak,ID,-0.9131,122.8766,80.04,74,100,3.36,overcast clouds
202,Itaqui,BR,-29.1253,-56.5531,85.64,20,40,14.81,scattered clouds
203,Cherskiy,RU,68.75,161.3,-23.73,97,100,4.63,overcast clouds
204,Zhatay,RU,62.1594,129.8294,-48.95,65,99,2.24,fog
205,Hereford,GB,52.0568,-2.7148,49.05,90,87,3.0,overcast clouds
206,Srandakan,ID,-7.9386,110.2506,77.92,82,64,3.02,broken clouds
207,Darnah,LY,32.767,22.6367,57.96,76,30,5.93,light rain
208,Kambove,CD,-10.8764,26.5969,60.82,97,100,1.95,light rain
209,Eyl,SO,7.9803,49.8164,74.46,82,11,13.62,few clouds
210,Kemi,FI,65.8596,24.8228,11.97,85,0,9.22,clear sky
211,Kalevala,RU,65.2,31.1667,-4.23,100,99,2.3,overcast clouds
212,Ahipara,NZ,-35.1667,173.1667,74.82,67,5,5.97,clear sky
213,Quthing,LS,-30.4,27.7003,55.58,75,1,3.87,clear sky
214,Uyuni,BO,-20.4597,-66.825,54.03,56,60,16.96,broken clouds
215,Leningradskiy,RU,69.3833,178.4167,-19.79,96,86,5.37,overcast clouds
216,Juba,SS,4.8517,31.5825,75.78,32,49,3.67,scattered clouds
217,Abha,SA,18.2164,42.5053,46.65,93,0,0.0,clear sky
218,Kenora,CA,49.8167,-94.4337,14.97,92,40,15.01,scattered clouds
219,Aksha,RU,50.2814,113.2867,0.97,84,1,6.29,clear sky
220,Kununurra,AU,-15.7667,128.7333,82.38,78,2,8.05,clear sky
221,Mount Pleasant,US,32.7941,-79.8626,57.34,72,20,1.01,few clouds
222,Linkou,CN,45.3,130.2833,-7.65,99,88,2.62,overcast clouds
223,Westerland,DE,54.9079,8.3033,46.02,93,100,23.02,overcast clouds
224,Richmond,US,37.5538,-77.4603,44.17,67,0,3.44,clear sky
225,Forbes,AU,-33.3833,148.0167,79.66,30,0,3.8,clear sky
226,Isetskoye,RU,56.4858,65.3226,-14.89,98,88,7.02,overcast clouds
227,San Patricio,US,28.017,-97.5169,78.17,86,59,10.76,broken clouds
228,Lazaro Cardenas,MX,17.9583,-102.2,80.29,66,0,6.98,clear sky
229,Ponta Do Sol,PT,32.6667,-17.1,66.0,73,45,5.93,scattered clouds
230,Yumen,CN,40.2833,97.2,23.16,34,60,7.29,broken clouds
231,Arica,CL,-18.475,-70.3042,74.75,73,0,8.05,clear sky
232,Samarai,PG,-10.6167,150.6667,82.8,73,99,2.37,overcast clouds
233,Port-Gentil,GA,-0.7193,8.7815,76.96,94,20,3.44,few clouds
234,Waddan,LY,29.1614,16.139,51.98,56,32,9.37,scattered clouds
235,Honningsvag,NO,70.9821,25.9704,15.55,73,20,17.27,few clouds
236,Pozega,HR,45.3403,17.6853,40.77,92,83,3.22,broken clouds
237,Malanje,AO,-9.5402,16.341,63.45,98,100,2.21,light rain
238,Nizwa,OM,22.9333,57.5333,61.52,73,0,1.36,clear sky
239,Mpika,ZM,-11.8343,31.4529,60.6,98,100,2.82,light rain
240,Poum,NC,-20.2333,164.0167,83.25,83,100,30.33,moderate rain
241,Sept-Iles,CA,50.2001,-66.3821,19.92,69,75,16.11,broken clouds
242,Zhangjiakou,CN,40.81,114.8794,25.29,52,9,6.06,clear sky
243,Aloleng,PH,16.1307,119.7824,76.95,64,37,16.35,scattered clouds
244,Hellvik,NO,59.9156,5.781,45.0,92,100,11.54,overcast clouds
245,Gogrial,SS,8.5332,28.1004,69.8,26,9,5.59,clear sky
246,Ous,RU,60.9058,61.5186,-16.53,92,100,12.5,overcast clouds
247,Tocopilla,CL,-22.092,-70.1979,71.73,69,5,10.0,clear sky
248,Springbok,ZA,-29.6643,17.8865,68.7,28,0,6.6,clear sky
249,Sorong,ID,-0.8833,131.25,82.38,75,100,6.85,overcast clouds
250,Kapiri Mposhi,ZM,-13.9652,28.6809,61.48,97,100,3.11,overcast clouds
251,Imeni Poliny Osipenko,RU,52.4201,136.4853,-9.72,97,100,4.74,overcast clouds
252,Sal Rei,CV,16.1833,-22.9167,72.09,74,13,17.94,few clouds
253,Broome,US,42.2506,-75.833,35.6,83,100,14.97,overcast clouds
254,Constitucion,CL,-35.3333,-72.4167,61.02,85,3,6.62,clear sky
255,Prieska,ZA,-29.6641,22.7474,70.34,30,0,5.91,clear sky
256,Luderitz,NA,-26.6481,15.1594,68.07,56,1,5.06,clear sky
257,Hami,CN,42.8,93.45,22.5,50,3,1.79,clear sky
258,Bonfim,BR,3.0833,-59.95,81.36,68,78,5.75,moderate rain
259,Vardo,NO,70.3705,31.1107,15.78,92,8,12.66,clear sky
260,Redlands,US,34.0556,-117.1825,67.8,36,0,0.0,clear sky
261,Alghero,IT,40.5589,8.3181,59.09,82,75,9.22,broken clouds
262,Tuatapere,NZ,-46.1333,167.6833,70.18,41,3,5.99,clear sky
263,Arenal,CO,8.4593,-73.9433,79.39,77,65,2.95,broken clouds
264,Senneterre,CA,48.3835,-77.2328,-7.15,100,90,2.01,overcast clouds
265,Butzow,DE,53.85,11.9833,47.08,89,99,13.02,overcast clouds
266,Havre-Saint-Pierre,CA,50.2334,-63.5986,23.0,93,100,6.91,light snow
267,Dharchula,IN,29.85,80.5333,50.49,21,0,8.37,clear sky
268,Chingola,ZM,-12.529,27.8838,60.01,95,100,2.48,overcast clouds
269,Slave Lake,CA,55.2834,-114.769,17.58,79,75,2.3,broken clouds
270,Praya,CV,14.9215,-23.5087,72.14,78,75,19.57,broken clouds
271,Dwarka,IN,22.2394,68.9678,70.92,71,0,11.16,clear sky
272,Garowe,SO,8.4054,48.4845,68.65,77,3,10.58,clear sky
273,Hamilton,US,39.1834,-84.5333,38.71,72,0,8.05,clear sky
274,Lorengau,PG,-2.0226,147.2712,84.13,69,94,2.95,overcast clouds
275,Caravelas,BR,-17.7125,-39.2481,75.09,94,91,4.59,overcast clouds
276,Banepa,NP,27.6298,85.5214,39.52,75,20,3.44,few clouds
277,Pauini,BR,-7.7136,-66.9764,73.54,91,90,1.19,overcast clouds
278,New Norfolk,AU,-42.7826,147.0587,72.91,41,0,3.0,clear sky
279,Adrar,MR,20.5022,-10.0711,64.94,18,100,11.5,overcast clouds
280,Elban,RU,50.1018,136.5094,-12.62,98,100,4.54,overcast clouds
281,Sitka,US,57.0531,-135.33,48.09,61,100,21.85,moderate rain
282,Palmer,US,42.1584,-72.3287,39.24,73,0,9.22,clear sky
283,Hithadhoo,MV,-0.6,73.0833,79.81,80,77,10.09,broken clouds
284,Clinton,US,42.587,-82.9199,32.95,70,75,3.44,broken clouds
285,Olafsvik,IS,64.8945,-23.7142,34.5,77,100,29.15,overcast clouds
286,Kazanskaya,RU,45.4106,40.4361,17.15,53,97,8.57,overcast clouds
287,Demirci,TR,39.0461,28.6589,35.2,66,4,4.9,clear sky
288,Tautira,PF,-17.7333,-149.15,80.71,74,18,10.4,light rain
289,Aklavik,CA,68.2191,-135.0107,-5.8,77,40,0.0,scattered clouds
290,Togur,RU,58.3631,82.8265,22.17,95,100,9.1,overcast clouds
291,Mackay,AU,-21.15,149.2,88.68,68,84,9.6,broken clouds
292,Pecos,US,31.4229,-103.4932,61.86,25,0,11.5,clear sky
293,Coquimbo,CL,-29.9533,-71.3436,67.73,77,0,10.36,clear sky
294,Vagur,FO,61.4732,-6.8119,43.84,86,67,18.77,light rain
295,Katherine,AU,-14.4667,132.2667,80.92,78,75,11.5,broken clouds
296,Cedar City,US,37.6775,-113.0619,36.57,87,0,4.61,clear sky
297,Siniscola,IT,40.5719,9.6922,44.15,86,0,6.4,clear sky
298,Zdvinsk,RU,54.7021,78.661,26.46,93,100,16.87,light snow
299,Pangnirtung,CA,66.1451,-65.7125,-1.12,87,100,2.86,overcast clouds
300,Bathsheba,BB,13.2167,-59.5167,79.41,89,40,18.41,light intensity shower rain
301,Faanui,PF,-16.4833,-151.75,81.63,64,35,2.39,scattered clouds
302,Jaguey Grande,CU,22.5269,-81.1286,73.38,82,71,11.63,broken clouds
303,Vitim,RU,59.4511,112.5578,7.56,93,100,9.91,overcast clouds
304,Roman,RO,46.9167,26.9167,43.07,84,100,4.88,overcast clouds
305,Geraldton,AU,-28.7667,114.6,66.61,77,0,12.66,clear sky
306,La Ronge,CA,55.1001,-105.2842,21.45,86,20,3.44,mist
307,Riyadh,SA,24.6877,46.7219,50.14,73,60,6.71,broken clouds
308,Pontes E Lacerda,BR,-15.2261,-59.3353,78.55,64,40,2.8,scattered clouds
309,San Cristobal,VE,7.7669,-72.225,71.78,89,66,1.28,broken clouds
310,Hope,US,33.6671,-93.5916,71.65,85,96,5.48,overcast clouds
311,Tara,RU,56.8944,74.371,11.64,84,100,9.62,overcast clouds
312,Kutum,SD,14.2,24.6667,54.57,30,13,5.95,few clouds
313,Solnechnyy,RU,50.7214,136.6319,-7.65,95,98,4.56,overcast clouds
314,Gigmoto,PH,13.7796,124.39,77.04,74,100,15.23,overcast clouds
315,Luanda,AO,-8.8368,13.2343,78.8,83,75,4.61,broken clouds
316,Aligudarz,IR,33.4006,49.6949,22.41,87,15,4.7,few clouds
317,Kahului,US,20.8947,-156.47,82.42,57,0,14.97,clear sky
318,Melo,UY,-32.3667,-54.1833,71.6,64,2,17.31,clear sky
319,Puerto Ayacucho,VE,5.6639,-67.6236,73.94,94,100,3.51,overcast clouds
320,Caiaponia,BR,-16.9567,-51.8103,67.39,99,100,4.81,moderate rain
321,Turangi,NZ,-39.0,175.9333,61.11,97,97,2.35,light rain
322,Vestmannaeyjar,IS,63.4427,-20.2734,32.25,72,95,10.38,overcast clouds
323,Dolores,AR,-36.3132,-57.6792,68.56,76,63,13.42,light rain
324,Saldanha,ZA,-33.0117,17.9442,62.65,86,0,8.79,clear sky
325,Marabba,SD,12.35,32.1833,68.58,32,3,11.9,clear sky
326,Alofi,NU,-19.0595,-169.9187,84.09,79,100,11.5,overcast clouds
327,Santo Antonio Do Ica,BR,-3.1022,-67.9397,74.05,98,91,1.48,overcast clouds
328,Udachnyy,RU,66.4167,112.4,-44.55,64,100,4.29,overcast clouds
329,Ponta Delgada,PT,37.7333,-25.6667,63.32,82,20,18.41,few clouds
330,Namibe,AO,-15.1961,12.1522,69.98,70,94,8.03,overcast clouds
331,Jerantut,MY,3.936,102.3626,72.19,98,100,1.68,overcast clouds
332,Stornoway,GB,58.2093,-6.3865,46.36,88,100,28.77,moderate rain
333,Monrovia,LR,6.3005,-10.7969,74.97,84,3,9.24,clear sky
334,El Alto,PE,-4.2714,-81.2147,71.26,78,98,14.32,overcast clouds
335,Tahe,CN,52.3333,124.7333,-9.54,100,97,1.25,overcast clouds
336,Keetmanshoop,NA,-26.5833,18.1333,76.01,19,0,9.78,clear sky
337,Yar-Sale,RU,66.8333,70.8333,-39.42,100,75,6.58,broken clouds
338,Oksfjord,NO,70.2396,22.3479,19.58,91,39,18.16,scattered clouds
339,Fayetteville,US,35.0527,-78.8784,50.22,72,0,0.0,clear sky
340,Meghri,AM,38.9029,46.2446,40.44,84,93,0.29,light rain
341,Isangel,VU,-19.55,169.2667,87.91,84,75,6.91,broken clouds
342,Rawson,AR,-43.3002,-65.1023,69.71,68,77,13.06,broken clouds
343,Semirara,PH,12.0697,121.3986,78.58,76,28,28.83,scattered clouds
344,Iracoubo,GF,5.4802,-53.2011,76.5,87,100,12.26,overcast clouds
345,Carnarvon,AU,-24.8667,113.6333,77.76,46,0,22.1,clear sky
346,Qaqortoq,GL,60.7167,-46.0333,13.08,68,85,9.28,overcast clouds
347,Bogovarovo,RU,58.9785,47.0246,-21.87,100,94,4.0,overcast clouds
348,Ostrovskoye,RU,57.8057,42.2433,-5.26,100,90,5.35,overcast clouds
349,Bandarbeyla,SO,9.4942,50.8122,75.78,78,20,15.59,few clouds
350,Turukhansk,RU,65.8167,87.9833,-51.99,96,26,3.38,scattered clouds
351,Tadine,NC,-21.55,167.8833,80.76,84,100,17.4,overcast clouds
352,Muroto,JP,33.2833,134.15,48.22,59,1,7.92,clear sky
353,Luziania,BR,-16.2525,-47.9503,71.98,93,96,4.65,light rain
354,Presidencia Roque Saenz Pena,AR,-26.7852,-60.4388,79.23,31,0,4.97,clear sky
355,Tarakan,ID,3.3,117.6333,74.7,94,40,3.44,scattered clouds
356,Kruisfontein,ZA,-34.0033,24.7314,65.88,85,38,5.37,scattered clouds
357,Guerrero Negro,MX,27.9769,-114.0611,66.78,42,0,8.61,clear sky
358,Haines Junction,CA,60.7522,-137.5108,18.46,97,100,1.01,overcast clouds
359,Nelson Bay,AU,-32.7167,152.15,73.45,68,65,10.0,broken clouds
360,Bayburt,TR,40.2589,40.2278,20.7,97,100,1.99,overcast clouds
361,Lagos,NG,6.5833,3.75,74.75,93,22,3.36,few clouds
362,Lavrentiya,RU,65.5833,-171.0,-5.89,97,67,5.32,broken clouds
363,Codrington,AU,-38.2667,141.9667,89.08,25,0,12.44,clear sky
364,Sompeta,IN,18.9333,84.6,61.36,39,0,4.81,clear sky
365,Matay,EG,28.419,30.7792,53.82,53,7,4.72,clear sky
366,Mocuba,MZ,-16.8392,36.9856,72.09,98,100,2.48,light rain
367,Krasnaya Polyana,RU,56.242,51.1442,-13.92,96,77,5.26,broken clouds
368,Bar Harbor,US,44.3876,-68.2039,34.23,89,100,8.99,overcast clouds
369,Manokwari,ID,-0.8667,134.0833,80.33,79,100,1.66,overcast clouds
370,Nuuk,GL,64.1835,-51.7216,22.87,100,100,8.99,overcast clouds
371,Kirkwood,US,38.5834,-90.4068,39.94,78,100,13.8,light rain
372,Cap Malheureux,MU,-19.9842,57.6142,77.47,72,6,4.0,clear sky
373,Rzhev,RU,56.2624,34.3282,-10.23,96,17,3.22,few clouds
374,Heppenheim,DE,49.6408,8.6372,51.46,74,97,8.01,overcast clouds
375,Kuala Terengganu,MY,5.3302,103.1408,80.98,100,40,3.44,thunderstorm with heavy rain
376,Ambunti,PG,-4.2365,142.8448,85.98,66,95,0.81,overcast clouds
377,Thinadhoo,MV,0.5333,72.9333,79.92,79,98,10.58,overcast clouds
378,Mahina,PF,-17.5065,-149.489,85.77,74,20,16.11,light rain
379,Douglas,US,41.3,-96.167,28.74,71,40,4.61,scattered clouds
380,Paamiut,GL,61.994,-49.6678,25.65,96,100,6.93,snow
381,Koslan,RU,63.4564,48.8989,-36.24,100,9,3.76,clear sky
382,Zhigansk,RU,66.7697,123.3711,-21.35,98,100,6.82,overcast clouds
383,San Quintin,MX,30.4833,-115.95,63.36,56,1,7.27,clear sky
384,Arlit,NE,18.7369,7.3853,68.36,24,29,8.19,scattered clouds
385,Airai,TL,-8.9266,125.4092,67.42,73,95,2.75,overcast clouds
386,Ribeira Grande,PT,38.5167,-28.7,63.0,94,75,16.11,broken clouds
387,Roald,NO,62.5833,6.1333,50.14,62,100,9.22,overcast clouds
388,Eregli,TR,37.5133,34.0467,32.25,62,0,2.19,clear sky
389,Zamora,EC,-4.0692,-78.9567,67.84,99,100,0.11,light rain
390,Jinka,ET,5.65,36.65,67.46,39,61,1.34,broken clouds
391,Severo-Yeniseyskiy,RU,60.3725,93.0408,-4.61,99,100,2.26,light snow
392,Nanortalik,GL,60.1432,-45.2371,22.6,74,68,6.78,broken clouds
393,Ostrovnoy,RU,68.0531,39.5131,11.98,94,100,5.68,overcast clouds
394,Jiuquan,CN,39.7432,98.5174,23.92,33,95,3.31,overcast clouds
395,Kidal,ML,18.4411,1.4078,68.83,21,75,9.48,broken clouds
396,Botelhos,BR,-21.6333,-46.395,62.33,93,100,3.02,overcast clouds
397,Millinocket,US,45.6573,-68.7098,30.31,74,100,10.36,overcast clouds
398,Adre,TD,13.4667,22.2,61.74,21,14,10.0,few clouds
399,Djibo,BF,14.1022,-1.6306,73.36,20,4,8.88,clear sky
400,Sandy Bay,AU,-42.913,147.3532,73.29,55,20,10.36,few clouds
401,Paraiso,CR,9.8383,-83.8656,71.51,98,63,3.0,broken clouds
402,Gonen,TR,40.1049,27.654,40.01,39,1,0.45,clear sky
403,Ambilobe,MG,-13.2,49.05,72.16,93,86,2.82,overcast clouds
404,Garissa,KE,-0.4536,39.6401,77.34,71,17,7.81,few clouds
405,Nortelandia,BR,-14.4547,-56.8028,74.08,90,99,4.94,overcast clouds
406,Harrisonville,US,38.6533,-94.3488,35.37,79,100,3.44,overcast clouds
407,The Valley,AI,18.217,-63.0578,75.34,88,40,11.5,scattered clouds
408,Pirovskoye,RU,57.6267,92.2658,21.79,95,100,9.86,light snow
409,Trelew,AR,-43.249,-65.3051,72.75,58,72,15.23,broken clouds
410,Jalingo,NG,8.8833,11.3667,72.86,23,34,5.08,scattered clouds
411,Qarqin,AF,37.4185,66.0436,50.79,65,34,10.89,scattered clouds
412,Lar,IN,26.2039,83.9717,42.67,40,0,7.67,clear sky
413,Hobyo,SO,5.3505,48.5268,77.07,77,5,16.67,clear sky
414,Camabatela,AO,-8.1881,15.375,61.38,97,100,0.85,light rain
415,Fairbanks,US,64.8378,-147.7164,8.56,79,100,3.44,light snow
416,Vysotskoye,RU,45.025,42.9064,12.42,60,59,5.44,broken clouds
417,Marzuq,YE,14.4,46.4667,59.61,75,1,3.18,clear sky
418,Keningau,MY,5.3378,116.1602,73.53,90,88,1.81,overcast clouds
419,Tucuma,BR,-0.1833,-50.05,77.74,81,89,8.77,overcast clouds
420,Alekseyevsk,RU,57.8406,108.3492,2.19,93,100,10.47,overcast clouds
421,Xinzhi,CN,36.4989,111.7047,40.39,31,10,2.77,clear sky
422,Lufkin,US,31.3382,-94.7291,73.31,73,100,0.0,overcast clouds
423,Cardonal,MX,20.6,-99.1333,62.35,42,0,8.39,clear sky
424,Gamba,GA,-2.65,10.0,76.17,88,100,4.74,moderate rain
425,Meulaboh,ID,4.1363,96.1285,74.43,87,99,2.59,overcast clouds
426,La Macarena,CO,2.1837,-73.7849,71.71,97,94,0.98,overcast clouds
427,Dzaoudzi,YT,-12.7887,45.2699,82.29,78,20,6.91,few clouds
428,Nefteyugansk,RU,61.0998,72.6035,-7.29,97,100,21.92,snow
429,Mainz,DE,50.0,8.2711,51.58,92,75,8.05,light rain
430,Ranong,TH,9.9658,98.6348,71.53,79,93,5.17,overcast clouds
431,Rawlins,US,41.7911,-107.2387,27.36,86,75,16.89,broken clouds
432,Partenit,UA,44.578,34.3446,34.23,83,100,9.31,light snow
433,Juneau,US,58.3019,-134.4197,38.21,100,100,0.0,fog
434,Husavik,IS,66.0449,-17.3389,35.4,100,100,14.5,overcast clouds
435,Gimli,CA,50.6336,-96.9907,12.22,79,49,17.27,scattered clouds
436,Makakilo City,US,21.3469,-158.0858,82.44,62,20,16.11,few clouds
437,Axim,GH,4.8699,-2.2405,79.02,86,3,5.88,clear sky
438,Asau,RO,46.4333,26.4,34.72,93,100,2.66,overcast clouds
439,Gorontalo,ID,0.5412,123.0595,81.14,80,100,3.6,overcast clouds
440,Sandovo,RU,58.4602,36.4128,-3.26,100,97,5.12,overcast clouds
441,Belyy Yar,RU,53.6039,91.3903,10.85,93,99,0.0,overcast clouds
442,Khani,GE,41.9563,42.9566,27.97,99,97,3.0,snow
443,Lakes Entrance,AU,-37.8811,147.981,70.16,57,2,9.4,clear sky
444,Nyrob,RU,60.733,56.7202,-12.78,96,100,5.84,overcast clouds
445,Bay Roberts,CA,47.5999,-53.2648,31.33,83,99,1.99,overcast clouds
446,Avera,US,33.194,-82.5271,54.91,54,3,2.1,clear sky
447,Maniitsoq,GL,65.4167,-52.9,23.49,93,100,8.34,light snow
448,Outlook,CA,51.5001,-107.0513,12.24,91,13,6.73,few clouds
449,Minsk,BY,53.9,27.5667,10.15,80,100,10.76,overcast clouds
450,Villafranca De Los Barros,ES,38.5614,-6.3381,54.72,93,100,18.12,overcast clouds
451,Coahuayana,MX,18.7333,-103.6833,79.47,66,0,3.89,clear sky
452,Havoysund,NO,70.9963,24.6622,17.83,85,34,18.57,scattered clouds
453,Voznesenye,RU,61.0106,35.4781,1.6,97,46,4.18,scattered clouds
454,Villa Rica,US,33.7321,-84.9191,60.4,71,48,1.74,scattered clouds
455,Chara,RU,56.9064,118.2631,-3.71,88,100,1.48,overcast clouds
456,Mampong,GH,7.0627,-1.4001,72.28,64,2,4.5,clear sky
457,Dudinka,RU,69.4058,86.1778,-34.38,98,100,12.21,light snow
458,Amasia,TR,40.6533,35.8331,33.53,81,42,1.25,scattered clouds
459,Blagoyevo,RU,63.3667,47.9167,-36.18,100,18,3.58,few clouds
460,Yining,CN,29.0361,114.5636,47.1,65,0,1.95,clear sky
461,Manthani,IN,18.65,79.6667,54.7,33,0,5.41,clear sky
462,Huzhou,CN,30.8703,120.0933,46.29,71,0,5.08,clear sky
463,Killybegs,IE,54.6333,-8.45,44.22,76,66,31.97,broken clouds
464,Port Lincoln,AU,-34.7333,135.8667,76.42,52,40,10.16,scattered clouds
465,Qasigiannguit,GL,68.8193,-51.1922,12.45,86,76,5.37,broken clouds
466,Lasa,IT,46.6166,10.7002,34.68,89,67,3.44,broken clouds
467,Kaduqli,SD,11.0167,29.7167,68.04,29,20,10.22,few clouds
468,Brewster,US,41.3973,-73.6171,40.6,77,75,0.0,broken clouds
469,Okakarara,NA,-20.5833,17.4333,73.18,31,40,7.99,scattered clouds
470,Treinta Y Tres,UY,-33.2333,-54.3833,70.25,69,2,14.09,clear sky
471,Dubbo,AU,-32.25,148.6167,73.53,53,40,12.66,scattered clouds
472,San Andres,CO,12.5847,-81.7006,82.42,78,20,9.22,light rain
473,Carlisle,US,40.2015,-77.1889,41.04,63,80,8.93,broken clouds
474,Atherton,GB,53.5237,-2.4935,47.75,83,75,3.0,broken clouds
475,Watsa,CD,3.0372,29.5355,62.65,54,30,2.08,scattered clouds
476,Bahia Blanca,AR,-38.7196,-62.2724,95.29,23,12,1.01,few clouds
477,Skibbereen,IE,51.55,-9.2667,49.1,78,99,24.38,overcast clouds
478,Kuminskiy,RU,58.6667,66.5667,-8.84,92,100,10.07,overcast clouds
479,Miraflores,MX,19.2167,-98.8083,70.45,36,24,1.39,few clouds
480,Kampong Thum,KH,12.7111,104.8887,68.38,76,100,5.53,overcast clouds
481,Manati,PR,18.4275,-66.4921,74.89,99,38,7.96,scattered clouds
482,Laguna,US,38.421,-121.4238,58.42,63,100,13.8,overcast clouds
483,Vratimov,CZ,49.77,18.3102,41.11,100,0,1.14,clear sky
484,Colon,PA,9.3592,-79.9014,76.55,87,22,5.91,light rain
485,Manicore,BR,-5.8092,-61.3003,73.65,95,76,1.63,broken clouds
486,Itarema,BR,-2.9248,-39.9167,79.54,78,0,16.13,clear sky
487,Nalut,LY,30.3333,10.85,46.98,66,5,7.23,clear sky
488,Camacha,PT,33.0833,-16.3333,62.02,82,20,8.05,few clouds
489,Toktogul,KG,41.8708,72.9402,30.47,79,91,3.65,overcast clouds
490,Iralaya,HN,15.0,-83.2333,76.86,86,9,13.91,moderate rain
491,Okhotsk,RU,59.3833,143.3,-22.5,83,6,13.69,clear sky
492,Kriel,ZA,-26.2739,29.2253,53.82,83,67,6.89,broken clouds
493,Pacific Grove,US,36.6177,-121.9166,60.42,61,100,17.0,overcast clouds
494,Los Llanos De Aridane,ES,28.6585,-17.9182,58.75,77,40,10.36,scattered clouds
495,Negombo,LK,7.2083,79.8358,75.25,94,20,6.91,few clouds
496,Gambo,CF,4.6482,22.2633,68.95,34,87,3.42,overcast clouds
497,Capreol,CA,46.706,-80.9225,12.67,73,100,3.44,overcast clouds
498,Karad,IN,17.2833,74.2,63.48,60,0,4.5,clear sky
499,Kirakira,SB,-10.4544,161.9205,85.15,68,100,10.87,overcast clouds
500,Katangli,RU,51.7102,143.2326,-8.72,95,79,6.26,broken clouds
501,Okato,NZ,-39.2,173.8833,66.18,82,97,25.99,overcast clouds
502,Ca Mau,VN,9.1769,105.15,69.62,79,100,6.17,moderate rain
503,La Tuque,CA,47.4334,-72.7824,16.05,67,85,8.05,overcast clouds
504,Eufaula,US,31.8913,-85.1455,59.04,57,0,0.0,clear sky
505,Sikeston,US,36.8767,-89.5879,51.84,82,100,0.0,overcast clouds
506,Gorin,RU,51.1983,136.6669,-9.99,95,100,6.42,overcast clouds
507,Ormara,PK,25.2088,64.6357,67.95,64,0,3.98,clear sky
508,Tevaitoa,PF,-16.7833,-151.5,81.52,66,34,1.95,scattered clouds
509,Gladstone,AU,-23.85,151.25,80.53,57,40,9.22,scattered clouds
510,Bitung,ID,1.4451,125.1824,79.65,82,100,9.26,overcast clouds
511,Margate,GB,51.3813,1.3862,48.31,81,39,5.01,scattered clouds
512,Nicoya,CR,10.1483,-85.452,77.77,72,59,0.38,broken clouds
513,Vinukonda,IN,16.05,79.75,62.98,46,0,5.44,clear sky
514,Tranas,SE,58.0372,14.9782,35.38,99,100,9.24,overcast clouds
515,San Lawrenz,MT,36.0553,14.204,51.21,64,1,5.75,clear sky
516,Aojiang,CN,22.9421,116.0359,61.18,53,100,13.44,overcast clouds
517,Sayyan,YE,15.1718,44.3244,48.94,62,1,2.19,clear sky
518,Zheleznodorozhnyy,RU,55.7503,38.0042,-1.79,95,13,5.5,few clouds
519,Kozhva,RU,65.1073,57.0459,-44.41,100,82,2.98,broken clouds
520,Jizan,SA,17.3333,42.6667,76.14,74,2,3.69,clear sky
521,Mayo,US,38.8876,-76.5119,44.55,55,0,6.91,clear sky
522,Normandin,CA,48.8333,-72.5321,14.31,73,58,8.05,broken clouds
523,Waitati,NZ,-45.75,170.5667,59.81,95,2,10.92,clear sky
524,Adeje,ES,28.1227,-16.726,63.48,77,20,8.05,few clouds
525,Yulara,AU,-25.2406,130.9889,74.48,50,89,20.89,overcast clouds
526,Teguldet,RU,57.3064,88.1667,24.08,95,100,11.54,light snow
527,Marsa Matruh,EG,31.3525,27.2453,57.4,82,40,6.91,scattered clouds
528,Quelimane,MZ,-17.8786,36.8883,76.95,94,75,0.0,light rain
529,Tourlaville,FR,49.6383,-1.5664,45.82,87,0,14.97,clear sky
530,Carbondale,US,37.7273,-89.2168,50.29,61,100,8.05,overcast clouds
531,Synya,RU,65.3718,58.0387,-45.22,100,70,2.51,broken clouds
532,Shar,KZ,49.5886,81.0453,25.7,89,60,12.86,broken clouds
533,Sur,OM,22.5667,59.5289,67.96,72,0,4.16,clear sky
534,Ngorongoro,TZ,-3.2397,35.4875,49.59,86,50,4.27,scattered clouds
535,Huilong,CN,31.8111,121.655,43.93,71,0,10.65,clear sky
536,Novoagansk,RU,61.9449,76.6625,-12.98,95,100,19.48,overcast clouds
537,Tahta,EG,26.7693,31.5021,54.99,54,78,6.78,broken clouds
538,Vila Velha,BR,-20.3297,-40.2925,73.35,96,75,7.0,broken clouds
539,Moose Factory,CA,51.2585,-80.6094,8.6,78,75,11.5,broken clouds
540,Narsaq,GL,60.9167,-46.05,14.22,67,88,9.19,overcast clouds
541,Sisimiut,GL,66.9395,-53.6735,12.74,80,99,7.87,overcast clouds
542,Tuy Hoa,VN,13.0833,109.3,68.4,97,100,7.25,overcast clouds
543,Henties Bay,NA,-22.116,14.2845,63.93,79,15,6.44,few clouds
544,Prince Albert,CA,53.2001,-105.7677,15.75,86,20,3.44,few clouds
545,Baykit,RU,61.67,96.37,-20.13,100,96,0.87,overcast clouds
546,Borisoglebskiy,RU,57.2586,39.1508,-2.88,98,75,7.94,broken clouds
547,Akyab,MM,20.15,92.9,66.2,82,2,3.98,clear sky
548,Muswellbrook,AU,-32.2667,150.9,72.01,50,78,6.98,broken clouds
549,Aksarka,RU,66.5606,67.7975,-42.39,100,55,4.88,broken clouds
550,Vila Franca Do Campo,PT,37.7167,-25.4333,63.01,92,100,15.86,overcast clouds
551,Taoudenni,ML,22.6783,-3.9836,62.19,23,97,14.56,overcast clouds
552,Cuenca,EC,-2.8833,-78.9833,59.13,88,75,3.44,light rain
553,Joshimath,IN,30.5667,79.5667,45.54,27,4,8.84,clear sky
554,Vanimo,PG,-2.6741,141.3028,81.73,79,100,2.1,overcast clouds
555,Bima,ID,-8.4667,118.7167,79.92,80,55,3.76,broken clouds
556,Evansville,US,37.9748,-87.5558,50.2,54,100,5.75,overcast clouds
557,Manzanillo,CU,20.3433,-77.1167,78.06,66,25,16.02,scattered clouds
558,Nanning,CN,22.8167,108.3167,61.25,41,100,3.58,overcast clouds
559,Miri,MY,4.4148,114.0089,73.54,94,40,5.75,scattered clouds
560,Santa Isabel Do Rio Negro,BR,-0.4139,-65.0192,74.19,98,100,0.43,overcast clouds
561,Amapa,BR,1.0,-52.0,72.37,96,74,4.74,broken clouds
562,Nazarovo,RU,56.0064,90.3914,14.56,88,100,7.61,overcast clouds
563,Pisco,PE,-13.7,-76.2167,73.45,78,0,13.8,clear sky
564,Datong,CN,40.0936,113.2914,25.25,41,8,3.8,clear sky
565,Klaksvik,FO,62.2266,-6.589,38.32,86,51,12.48,broken clouds
566,Acarau,BR,-2.8856,-40.12,79.56,80,1,16.55,clear sky
567,Brae,GB,60.3964,-1.353,46.47,82,72,25.19,broken clouds
568,Maryborough,AU,-25.5333,152.7,80.11,49,34,6.87,scattered clouds
569,La Orilla,MX,17.9833,-102.2333,80.01,66,0,6.62,clear sky
570,Neiafu,TO,-18.65,-173.9833,86.68,74,75,4.61,broken clouds
571,Barentu,ER,15.1139,37.5928,63.73,62,1,3.94,clear sky
572,Trogir,HR,43.5125,16.2517,53.65,66,100,6.91,overcast clouds
573,Nata,PA,8.3333,-80.5167,82.27,73,4,10.74,clear sky
574,Lompoc,US,34.6391,-120.4579,63.01,62,75,13.8,broken clouds
575,Vila,PT,42.0304,-8.1588,41.7,94,100,7.96,moderate rain
576,Naron,ES,43.5167,-8.1528,53.04,90,100,15.12,overcast clouds
577,Prince Rupert,CA,54.3161,-130.3201,44.69,83,100,24.16,overcast clouds
578,Huainan,CN,32.6264,116.9969,46.27,57,0,4.56,clear sky
579,Noumea,NC,-22.2763,166.4572,82.38,99,98,4.25,light rain
580,Macamic,CA,48.7502,-78.9996,-6.61,100,76,4.05,broken clouds
581,Abrau-Dyurso,RU,44.69,37.59,17.06,55,58,9.71,broken clouds
582,Abu Zabad,SD,12.35,29.25,60.85,33,16,11.07,few clouds
583,Kanniyakumari,IN,8.0833,77.5667,76.05,77,1,21.77,clear sky
584,Bawku,GH,11.0616,-0.2417,76.98,19,2,9.89,clear sky
585,Eldorado,BR,-23.7869,-54.2836,74.16,67,55,4.99,broken clouds
586,Knin,HR,44.0439,16.2,47.89,84,71,1.79,broken clouds
587,Zaragoza,ES,41.6561,-0.8773,43.25,93,75,5.75,broken clouds
588,Port-De-Bouc,FR,43.4,4.9833,58.59,77,100,14.97,overcast clouds
589,Malaya Vishera,RU,58.8454,32.2222,-8.57,96,89,4.12,overcast clouds
590,Labrea,BR,-7.2586,-64.7981,73.44,89,93,1.43,overcast clouds
591,Hambantota,LK,6.1241,81.1185,75.02,81,68,13.6,broken clouds
592,Palamedu,IN,10.1167,78.1167,72.25,92,10,4.45,clear sky
593,Sosua,DO,19.7667,-70.5167,76.91,83,40,6.91,scattered clouds
594,Borba,BR,-4.3878,-59.5939,73.78,96,100,2.89,overcast clouds
595,Isla Vista,US,34.4133,-119.861,63.99,56,0,6.91,clear sky
596,Silver City,US,32.7701,-108.2803,55.36,21,0,5.75,clear sky
597,Sola,VU,-13.8833,167.55,82.08,76,100,13.35,overcast clouds
598,Kiama,AU,-34.6833,150.8667,74.25,58,65,8.99,broken clouds
599,Rubtsovsk,RU,51.5,81.25,25.43,81,100,20.27,overcast clouds
600,Gundlupet,IN,11.8,76.6833,61.09,88,0,4.07,clear sky
601,Sungairaya,ID,0.7,108.9,78.03,87,90,0.92,overcast clouds
602,San Esteban,HN,15.2,-85.75,83.3,98,67,4.34,broken clouds
603,Santa Vitoria Do Palmar,BR,-33.5189,-53.3681,69.08,83,0,11.34,clear sky
604,Durgapur,IN,23.4833,87.3167,52.39,31,0,7.27,clear sky
605,Ahuimanu,US,21.4447,-157.8378,83.61,66,40,16.11,scattered clouds
606,Ulety,RU,51.3572,112.4849,4.95,83,6,7.72,clear sky
607,Sao Raimundo Nonato,BR,-9.0153,-42.6994,76.15,62,64,0.65,broken clouds
608,Truth Or Consequences,US,33.1284,-107.2528,55.63,22,0,0.0,clear sky
609,Uvira,CD,-3.4067,29.1458,71.71,82,90,2.98,overcast clouds
610,Buala,SB,-8.145,159.5921,84.96,67,98,6.98,overcast clouds
611,Madimba,TZ,-10.4,40.3333,78.67,83,36,5.99,scattered clouds
612,Livingston,GB,55.9029,-3.5226,45.12,83,0,16.11,clear sky
613,Wanaka,NZ,-44.7,169.15,65.1,58,6,5.01,clear sky
614,Xai-Xai,MZ,-25.0519,33.6442,72.27,64,77,16.51,broken clouds
615,Atascocita,US,29.9988,-95.1766,78.1,81,75,8.05,broken clouds
616,Nhulunbuy,AU,-12.2333,136.7667,79.41,94,75,5.75,light rain
617,Peachland,CA,49.7665,-119.7357,40.15,87,100,1.57,overcast clouds
618,Kasangulu,CD,-4.5911,15.1708,70.32,92,99,0.58,overcast clouds
619,Manglaur,IN,29.8,77.8667,45.66,47,0,6.91,clear sky
620,Tchibanga,GA,-2.85,11.0333,72.0,97,100,2.19,overcast clouds
621,Sabang,ID,5.8933,95.3214,80.22,71,91,5.37,overcast clouds
622,Nemuro,JP,43.3236,145.575,27.82,60,55,6.44,broken clouds
623,Abu Samrah,SY,35.3029,37.1841,46.2,77,17,3.11,few clouds
624,Umm Lajj,SA,25.0213,37.2685,67.91,48,20,11.23,few clouds
625,Valdepenas,ES,38.7621,-3.3848,49.86,90,92,21.0,overcast clouds
626,Nara,JP,34.6851,135.8049,42.49,69,71,3.98,broken clouds
627,Waingapu,ID,-9.6567,120.2641,82.06,69,69,11.9,broken clouds
628,Fredericksburg,US,38.3032,-77.4605,46.62,56,0,5.75,clear sky
629,Ballina,AU,-28.8667,153.5667,74.01,86,88,14.97,overcast clouds
630,Byron Bay,AU,-28.65,153.6167,73.94,70,88,14.67,overcast clouds
631,Necochea,AR,-38.5473,-58.7368,75.69,50,96,21.94,overcast clouds
632,Saravena,CO,6.9538,-71.8752,72.41,91,59,0.76,broken clouds
633,Yantzaza,EC,-3.8278,-78.7594,68.04,97,91,0.2,light rain
634,Yuksekova,TR,37.5736,44.2872,26.35,93,75,3.44,mist
635,Te Anau,NZ,-45.4167,167.7167,69.06,51,18,2.95,few clouds
636,Kudahuvadhoo,MV,2.6708,72.8944,80.6,77,84,16.35,broken clouds
637,Lokachi,UA,50.737,24.6494,28.74,95,43,7.0,scattered clouds
638,Bud,US,39.447,-86.1758,35.67,80,0,7.11,clear sky
639,Narasannapeta,IN,18.4167,84.05,58.08,51,0,6.58,clear sky
640,Zhaoqing,CN,23.0512,112.4597,59.38,70,99,4.05,light rain
641,San Buenaventura,MX,27.0833,-101.5333,73.47,59,0,12.41,clear sky
642,Santa Lucia,ES,27.9117,-15.5407,56.52,72,20,9.22,few clouds
643,Pochutla,MX,15.7432,-96.4661,76.19,60,0,3.74,clear sky
644,Storsteinnes,NO,69.2408,19.2344,20.05,86,97,10.33,overcast clouds
645,Nacogdoches,US,31.6002,-94.6335,73.04,87,75,4.61,light rain
646,Skjervoy,NO,70.0311,20.9714,14.0,77,3,34.74,clear sky
647,Pitimbu,BR,-7.4706,-34.8086,81.19,77,66,10.94,broken clouds
648,Korla,CN,41.7597,86.1469,26.91,43,23,4.92,few clouds
649,Novorzhev,RU,57.0294,29.3338,9.36,76,50,5.91,scattered clouds
650,Tilichiki,RU,60.4667,166.1,-21.64,94,56,10.83,broken clouds
651,Magistralnyy,RU,56.1725,107.4458,-9.08,96,72,4.07,broken clouds
652,Alice Springs,AU,-23.7,133.8833,63.95,100,100,4.61,overcast clouds
653,Muzaffarabad,PK,34.37,73.4711,51.55,62,100,6.42,overcast clouds
654,Coihaique,CL,-45.5752,-72.0662,65.01,72,75,3.44,broken clouds
655,Saint Anthony,US,45.0205,-93.218,19.02,73,0,9.22,clear sky
656,Biograd Na Moru,HR,43.9433,15.4519,49.75,71,100,3.89,overcast clouds
657,Calvinia,ZA,-31.4707,19.776,70.5,25,0,7.02,clear sky
658,Saint-Francois,FR,46.4154,3.9054,53.04,79,100,6.91,light rain
659,Tabou,CI,4.423,-7.3528,78.89,84,22,7.14,few clouds
660,Carndonagh,IE,55.25,-7.2667,46.26,77,88,25.97,overcast clouds
661,Vaitape,PF,-16.5167,-151.75,81.64,64,38,2.3,scattered clouds
662,Grindavik,IS,63.8424,-22.4338,33.75,80,20,14.97,few clouds
663,Nyurba,RU,63.2842,118.3319,-19.82,99,100,2.8,overcast clouds
664,Kalianget,ID,-7.05,113.9333,80.42,77,52,1.54,broken clouds
665,Waipawa,NZ,-41.4122,175.5153,53.87,89,100,12.93,overcast clouds
666,Marienburg,PL,54.0359,19.0266,41.85,99,100,10.94,overcast clouds
667,Svetlaya,RU,46.5389,138.3297,13.26,60,10,4.76,clear sky
668,Matamoros,MX,25.5333,-103.25,72.37,19,0,8.21,clear sky
669,Avesta,SE,60.1455,16.1679,36.19,99,100,9.95,overcast clouds
670,Yevlax,AZ,40.6089,47.1492,38.75,83,100,14.16,overcast clouds
671,Moron,AR,-34.6534,-58.6198,82.06,65,50,11.99,scattered clouds
672,Najran,SA,17.4924,44.1277,54.25,79,1,3.04,clear sky
673,Gilgit,PK,35.9221,74.3087,39.0,86,100,1.14,overcast clouds
674,Hadejia,NG,12.4498,10.0444,63.77,20,24,9.66,few clouds
675,Quang Ngai,VN,15.1167,108.8,66.78,89,100,7.45,overcast clouds
676,Kysyl-Syr,RU,63.8986,122.7617,-19.17,98,100,5.03,overcast clouds
677,Gouyave,GD,12.1646,-61.7296,77.77,83,75,14.97,light rain
678,Kiunga,PG,-6.1219,141.2906,84.22,68,100,1.34,overcast clouds
679,Ust-Maya,RU,60.4167,134.5333,-49.59,100,94,1.16,overcast clouds
680,Hienghene,NC,-20.6833,164.9333,82.0,83,100,19.04,heavy intensity rain
681,Vao,NC,-22.6667,167.4833,78.66,87,96,13.87,light rain
682,La Asuncion,VE,11.0333,-63.8628,65.93,100,100,12.66,overcast clouds
683,Puerto Maldonado,PE,-12.6,-69.1833,84.6,58,0,0.0,clear sky
684,Ucluelet,CA,48.9329,-125.5528,49.08,83,100,9.1,overcast clouds
685,Yaguajay,CU,22.3272,-79.2378,73.85,86,21,11.23,few clouds
686,Mutoko,ZW,-17.397,32.2268,61.27,93,100,3.62,overcast clouds
687,Touros,BR,-5.1989,-35.4608,79.23,78,91,12.28,overcast clouds
688,Iesolo,IT,45.5331,12.6448,48.25,83,100,1.5,overcast clouds
689,Luena,AO,-11.7833,19.9167,60.21,98,88,4.34,light rain
690,Karasjok,NO,69.4719,25.5112,-14.71,100,100,3.74,overcast clouds
691,Novo Oriente,BR,-5.5344,-40.7742,79.95,39,34,1.07,scattered clouds
692,Danshui,CN,22.7984,114.4672,62.92,58,98,3.11,overcast clouds
693,Oranjestad,AW,12.524,-70.027,75.9,94,75,18.41,broken clouds
694,Trinidad,BO,-14.8333,-64.9,89.58,58,20,0.0,few clouds
695,Murgab,TM,37.4966,61.9714,39.07,70,0,0.0,clear sky
696,Berdigestyakh,RU,62.0989,126.6992,-16.1,98,100,4.43,overcast clouds
697,Mulchen,CL,-37.7167,-72.2333,80.46,39,23,5.21,few clouds
698,Valparaiso,CL,-33.0393,-71.6273,73.63,60,0,9.22,clear sky
699,Hauterive,FR,46.0901,3.4459,52.56,85,100,5.19,light rain
700,Pyaozerskiy,RU,65.8333,31.1667,0.16,99,95,1.79,overcast clouds
